RockPorosity,Permeability,WellDepth,OperationalDays,OilProductionRate
0.1249080237694725,133.30981797737883,2831.9397861513417,982,High
0.24014286128198326,293.85542632026113,2728.8515935039986,412,High
0.19639878836228103,442.8256261443837,7343.782063647257,939,Medium
0.1697316968394073,379.50119888430254,2746.8233989465425,618,Low
0.0812037280884873,412.9525165376524,2903.6480829004167,305,High
0.08119890406724053,346.4525150198228,6315.787836925746,474,Medium
0.061616722433639894,361.52445403303363,4148.17889715378,550,High
0.22323522915498706,432.1380432043937,6436.9738986862685,725,High
0.17022300234864177,162.35060398663367,1457.5631029506967,883,Low
0.1916145155592091,270.2412336394132,4412.99835571369,694,Medium
0.05411689885916049,149.54424881882102,1235.2952012829785,278,Low
0.2439819704323989,494.45060359849117,1438.5724241874816,309,Low
0.21648852816008435,474.826702858976,7345.062173410876,599,High
0.09246782213565524,67.74206511582766,1974.7175978231662,563,Low
0.08636499344142012,367.5088276320598,4726.94477592652,939,Medium
0.08668090197068676,466.36174283704963,3877.669218204946,223,Low
0.11084844859190755,131.2589053073001,3431.4032838118987,212,Low
0.15495128632644756,305.57535374868326,7298.833419810907,111,Low
0.13638900372842316,461.9697339146188,1152.7637774284265,225,High
0.10824582803960839,65.27569036360948,5646.5278032291235,664,Medium
0.17237057894447588,363.83912026107794,7743.761039494853,430,High
0.07789877213040837,183.80705331764784,4921.177284232894,382,High
0.10842892970704364,465.9782879194387,7557.7572342316425,239,High
0.12327236865873835,486.9762103244155,1365.8051550021664,500,High
0.14121399684340719,474.91992010104525,3931.5532335191297,196,High
0.20703519227860273,263.3963974958587,2821.104536734358,616,Medium
0.08993475643167195,437.91919294519107,6115.746754865108,668,Low
0.1528468876827223,430.04722934078166,7869.079633480726,945,High
0.16848291377240848,193.59521295946504,2795.710437109735,168,High
0.05929008254399955,423.0119633678048,5579.222210318521,217,Medium
0.17150897038028767,66.65343562197168,2386.683429318181,987,Medium
0.08410482473745831,318.32144531692387,4957.311782001269,158,Low
0.06301031859705591,153.50397677946637,4247.5274068183535,132,Medium
0.23977710745066666,104.25509859977547,7804.037307420759,417,Low
0.24312640661491186,84.62894073314412,5259.690908875266,149,High
0.21167946962329226,363.3299491451629,3446.5446046077313,979,High
0.11092275383467415,202.94373369562976,1798.6704942155336,588,Low
0.06953442280127678,376.1450471879427,2058.727801144542,118,Medium
0.1868466053024314,79.41035335952407,2577.2185096586454,825,Low
0.13803049874792028,191.88065202377464,2756.7666293820857,296,Medium
0.07440764696895577,292.77108156890176,6954.3124048879645,990,High
0.14903538202225403,405.8254241775336,4928.559517977675,549,Medium
0.05687770422304368,193.43862631943145,4663.736379620565,658,Low
0.2318640804157564,331.6511193966541,1803.3821030845224,778,Low
0.10175599632000339,448.68998670628423,7020.977853446045,551,High
0.18250445687079642,327.13843468203703,6059.700122459386,388,Medium
0.1123422152178822,154.8317636391352,1473.6785333000112,240,Medium
0.15401360423556215,60.98035170044211,5954.8456806083805,183,Medium
0.15934205586865594,441.54449325541844,4804.767521398522,793,High
0.08697089110510542,59.57123488267421,1572.0774202274479,490,Medium
0.24391692555291172,443.6157527078897,4208.104490700595,690,Low
0.2050265646722229,288.02171031224543,4392.874009910329,314,Medium
0.2378997883128378,472.5804643308033,2160.4217811429303,625,High
0.22896547008552975,409.4524560981494,7619.887029001976,314,Medium
0.16957999576221705,499.07034974000186,6949.827600364633,502,Medium
0.23437484700462335,207.82031695326958,5683.156361303758,227,Low
0.0676985004103839,395.2347300190071,4236.06892700425,921,Medium
0.08919657248382905,230.86891112415898,3882.3587910915594,576,Low
0.05904545778210762,265.944029136759,5556.81427005668,859,Low
0.11506606615265287,332.37745844826657,4818.023085848338,503,High
0.12773545793789642,443.15470138385245,1435.9117411731993,128,Low
0.10426980635477918,492.8375611396828,4587.518541392322,891,Low
0.21574750183038588,395.7230362390332,6644.825320629877,437,High
0.12135066533871786,237.99505197530019,4214.679143178706,930,Low
0.10618690193747615,239.61065102468157,1363.6960428798789,813,High
0.15853921663164972,381.9120357150012,6503.947395688232,460,Medium
0.07818484499495254,157.44971559573605,2409.5464749518205,668,High
0.21043939615080792,99.7133509091276,2810.3458442162714,491,Low
0.06491012873595417,209.57997093834945,2152.9444740260715,317,High
0.24737738732010345,179.25754624433677,3311.505454100483,673,Low
0.20444895385933148,183.33865420519555,6297.260539820445,768,Medium
0.08974313630683449,155.1234879724595,4635.7010165275615,301,High
0.051104423424720484,68.94193533636285,2434.168919054988,116,Medium
0.21309228569096683,58.04327063003622,7144.810547064286,421,Low
0.19137146876952343,494.4750753812142,7157.072984660705,617,Low
0.19580143360819746,242.49791018113805,7094.048975322048,669,Medium
0.20425406933718915,222.94699122185676,2671.5734796707748,424,High
0.06480893034681807,355.84127721188145,4158.675409266916,511,High
0.12169314570885453,148.21424953927888,7894.927592986126,417,Low
0.07317381190502595,477.4825327776014,6404.087334169933,780,Medium
0.22262068517511874,403.8552564869984,1190.1719485789188,181,Medium
0.1746596253655116,90.23495104051679,1456.4321388234443,573,High
0.11617960497052984,237.91134910321776,4247.51963768633,567,High
0.06271167005720474,445.6032384029741,7364.541441030921,524,High
0.11219646434313245,475.1294100311346,4770.912585669,830,Medium
0.11503666440534942,260.3306800624414,4484.687556240031,788,High
0.19592123566761283,326.0351251448185,1738.3158996964141,303,High
0.17751149427104262,125.16527574143385,5597.460733070058,682,Low
0.2274425485152653,496.0258817616394,6754.7221242015785,486,High
0.14444298503238986,154.25226562254954,3662.9400525529363,877,High
0.07391884918766034,474.2292983608065,6429.282956477292,197,Medium
0.19264895744459903,342.3409920465658,7751.336577305681,444,Medium
0.20215700972337952,323.48155769548663,2426.3652138938237,902,Low
0.16225543951389926,280.70982995742884,4663.307418363189,307,High
0.20419343599091222,153.8014152729914,3009.9657065920287,613,Low
0.14875911927287816,129.43761440247872,6549.980933236876,735,Medium
0.1545465658763988,149.2187940815789,5043.153561168103,891,Low
0.13550820367170993,133.89721796491455,5442.076922852127,685,Medium
0.05508382534881904,400.813013105039,6585.399117311258,265,Low
0.0715782853986609,207.55636662502855,3771.793308637184,121,Low
0.056285837137346854,76.02920445352837,7405.630478849303,253,High
0.1772820822527561,486.0961835633651,4731.20207072298,538,Low
0.11287119621526534,447.70364823354157,2105.683759847436,394,High
0.15171413823294055,467.48852743784585,5871.293827181617,318,High
0.2315132947852186,497.70852019089585,6552.829453067781,768,High
0.09985844582977499,128.25286214876928,3217.331739472687,594,High
0.13207658460712596,228.30890850619645,7000.254798991271,329,Low
0.20111022770860976,391.2073140668411,7343.002783360364,119,Medium
0.0957596330983245,363.2092781242065,2938.3314116446627,652,Medium
0.0653959819657586,119.25315785293478,7884.650309006554,247,Medium
0.10795029058275361,417.124906245778,1984.9806963413089,207,Low
0.08224425745080088,150.9982573264973,2414.10967881743,502,High
0.23593953046851462,150.7179266701804,2289.5738746661827,695,Medium
0.2116240759128834,291.6384903020361,7257.927970055093,582,Low
0.17668075130208472,316.8229706787664,5580.047866274733,466,High
0.22429211803754356,311.038793527015,2064.7299825559103,933,Medium
0.2107344153798229,91.16907682898969,4082.263928578443,513,High
0.08731401177720717,444.85738818367116,5307.086175488615,408,Medium
0.22851179969799557,169.52001916491773,1584.248594925683,901,Medium
0.15786844838313013,108.28171457726188,7176.9145788513715,934,Medium
0.2114880310328125,449.93663594103975,6625.224748090746,233,High
0.22921825998469864,480.043174203389,4536.447415036468,818,Low
0.11360069499437278,437.9574277694528,7769.886306814193,382,High
0.07201038490553535,414.28223362619514,3924.3268549256977,877,Medium
0.09558703250838835,344.8588912875598,7888.772233255485,172,High
0.13542155772525127,297.8858167741127,5675.43999162539,580,Low
0.21360295318449862,89.14404196013456,5442.6989127775905,451,High
0.2221461166512687,233.80394588181443,2161.684267070495,659,Low
0.051390426106238146,217.70983265554128,7173.494308132508,425,Low
0.15214946051551315,166.8892026921468,3992.427815444306,844,High
0.1334822006297558,375.5390511598632,2135.6338404773555,542,Medium
0.09442156209414605,273.1440807854469,1088.2526398303132,199,Low
0.07397307346673657,86.47079715844157,4918.289785468678,158,High
0.1175230342807256,149.08244087741508,4691.797354858734,607,Low
0.23858194078250383,357.46644364681816,6035.47535658411,357,Medium
0.11464058640415105,84.25888677063509,7231.806371124615,512,High
0.15375812434867323,433.0431113219459,1555.8460925012066,551,High
0.19060379177903558,272.81593715628844,6120.475432382536,164,High
0.1227259204758588,266.26395979699157,2311.883608683075,694,Medium
0.24435641654419216,316.5835030967829,7007.239372100148,253,Low
0.24248945898842228,421.1064346663171,6733.444597031593,365,High
0.10035645916507284,206.51414355598686,4785.55628489881,920,Low
0.1494497011784771,355.1072686515786,5971.6995903631805,178,Low
0.11017566196335393,304.57938379810594,3200.4507922862385,414,Medium
0.10696809887549352,170.1627215762396,4298.175292529702,761,High
0.057377389470906565,445.3834938598211,6751.458283973302,659,Low
0.1719128667959794,408.8417097231177,4214.856380212497,990,High
0.15053580464577232,346.3033255962915,3504.5878572780925,347,High
0.06029575024999787,432.76177809240886,4459.487130752099,889,Medium
0.1057292928473223,440.28239043191104,6797.744767060529,967,High
0.23165317719333073,368.76333952176566,3346.456331596109,709,High
0.09791237813339448,426.6559977636524,2216.3311519502067,513,Low
0.07897897441824463,363.8621577511776,5984.098142315465,124,Medium
0.1478905520555126,356.0633472921352,6781.847488956572,383,High
0.24713009082212017,328.37512019683294,1704.4623496647332,548,Low
0.09841105430230009,388.72248780093855,2679.118789291613,980,Medium
0.18442710948117574,121.37229738188317,1993.8039283269572,400,Medium
0.20232392306574354,446.3918416395178,3435.5898810751664,167,Low
0.09752750879847993,442.3295874853544,4152.456852337888,106,Low
0.19564326972237195,63.16127736555161,6241.784358743145,916,Low
0.12355662654385065,421.6175377541432,5558.033094171719,236,Low
0.17646116611871593,107.99144036305034,5346.499972349018,263,Low
0.17670594215217894,200.80348441661386,3466.624626267581,182,High
0.15715493681495168,384.5787153312235,6890.13287159332,996,High
0.06805795401088166,122.34195322173869,4299.010171787152,749,Medium
0.21706049911784758,418.085160853578,7853.734566106082,519,High
0.11415601299434718,424.46038008098384,5438.9949680701575,172,High
0.08730370207997085,278.36048019237626,1883.853190951519,336,High
0.05815502831095279,52.87364227257511,5733.242934528038,145,Low
0.16817858863764837,179.16715992871076,3275.7281080218927,717,Medium
0.18551287236845648,327.617113269084,5804.290376802682,899,Medium
0.05331756578557123,491.53378011234054,1487.4880371368401,361,Medium
0.1524186116598562,334.31608715750076,2224.170060231716,275,Medium
0.0952991550395876,166.91161147887192,6990.160812340504,265,High
0.17903455808189,335.30256639482513,2590.256899164604,756,High
0.08487328580099829,292.99342087213495,6859.2878767005805,941,Low
0.18818754762049322,400.9304278180146,2954.932619180873,469,Medium
0.12734706926010747,98.14128747213128,5500.173370410954,894,High
0.23734599774734694,392.4625561259126,5859.054014568817,153,High
0.07750418882919866,293.5699604042496,4588.58327201537,789,Low
0.11821327021005171,483.3464017365476,3137.174736877119,518,Low
0.07269470424811782,203.84247471740875,2488.510634597673,855,Low
0.23493872365571256,334.6798519102767,1232.3254819369836,606,High
0.22546787067619622,469.4126474795079,3127.6248086850665,440,High
0.10158832554303113,96.12937759580566,5572.1395337189815,226,Low
0.1819968092068358,471.75281925640303,7568.133729139378,508,Medium
0.21344444004024316,359.548575035366,7098.431375841365,466,Low
0.1610401623198925,80.52667659732735,6362.453435747118,370,Low
0.1559301156712013,185.4336051260673,6519.1314027730905,743,Low
0.09837045818009034,368.6774398903767,5654.894324331967,704,Low
0.06862055356117985,80.30777066094726,2822.0080029620212,478,High
0.22944315159066536,311.976707079323,7350.365214940809,172,Medium
0.2300836114326661,205.64737562883053,5695.126183340838,347,Low
0.17662029145465358,329.4119829953647,4923.084416863079,959,Medium
0.11780595820974014,70.58391521563078,1776.9262844943676,884,Medium
0.11984191492253218,442.1915627685693,4129.388806644978,142,Medium
0.1951911357740479,488.0700361298286,4222.507898413483,476,Low
0.2294220519905154,485.99503487856117,7051.945266658689,140,High
0.22741728485302348,387.3433242843161,4826.537541314519,269,Low
0.20597510917152478,108.53880805878438,3662.8038427928677,311,Medium
0.17840632923085759,391.2184381680602,7837.602299574615,592,Medium
0.06682799299900977,61.06411240646068,1775.0441532842096,779,High
0.08232574281892276,59.95559818804877,3957.838998183612,138,Low
0.22971083770541584,195.62459861729357,1294.1727261998371,468,Medium
0.171285811931918,269.8894356820996,6179.328845368513,856,High
0.05183941032332593,396.68333801350695,7426.535865394055,250,Medium
0.07029430857320643,357.48291947292734,2960.261306853426,210,High
0.18270035382161115,250.65621786953676,7008.391737593846,579,High
0.05101231676924374,173.13199982674965,3045.5276132332847,535,Low
0.08216161028349973,498.70602507097004,7375.3911315074065,146,Medium
0.1597467578733172,241.78158600618784,6277.733325177488,674,Low
0.18837903953853868,253.12416094835396,6634.34743789007,836,Medium
0.1803922519005201,123.63071953625114,1126.0458892031816,465,Low
0.09485386189211197,407.66429693746824,7739.672499518182,168,Medium
0.19243584426950716,362.1570016016699,6086.696944492262,398,Low
0.09744981749936002,149.34632575494217,3133.2576677029333,901,High
0.11507993963185355,87.07147052712921,6805.762654011929,395,Medium
0.19929828102360486,356.2246859336209,2970.6483889045094,302,Medium
0.17992657980944293,344.53004642651086,7109.276876962896,160,High
0.21984468209883562,172.9667871491942,1788.062732883559,929,Low
0.1815225784600687,477.88860301268465,5925.80184222557,413,Medium
0.16366172066709433,117.9760513014051,4784.889336514372,260,Medium
0.0687349535656185,244.55066046917085,1675.7412913680857,430,Low
0.12354316061188671,474.6271640754195,2693.256797811873,627,High
0.1030404735363451,238.87729261675503,1086.8282539412035,437,Low
0.09879792867581672,337.3366764488385,4281.375758251541,705,Low
0.24460211095048912,228.91747908325743,3108.856825320003,403,Low
0.1286195449333521,173.3968410569015,5188.502390084312,602,Medium
0.22840931103542267,492.7899415819227,3080.6646539603203,749,High
0.17622772519945257,234.20030284176937,3099.4337805488926,437,High
0.20896226070832968,452.3446416556105,6202.352391121223,649,Low
0.1505274186210384,153.47957265098879,1336.999851848474,738,Medium
0.1653807769252718,145.8971168112875,7320.264966343911,374,Low
0.14850353876377279,64.01033729803011,6965.84712073827,263,Medium
0.08904859755960891,343.2500714191483,5674.632782584846,542,Medium
0.19449042305230108,215.8368546756925,5152.55099075169,418,Medium
0.10615447248817117,438.9612124278367,7246.117486977566,688,Medium
0.05486319328629077,262.9444580112007,2297.311256701001,603,High
0.17909445918143357,485.68704256162476,1552.7841353358003,785,Medium
0.08542213588140979,133.4864820664045,2676.5711893667667,486,Medium
0.2380917168705829,440.88042558002485,6562.047950901332,969,Low
0.24078571540051746,399.4685837562838,1242.6918670853834,932,Low
0.23297287804408973,396.9148300898234,5079.647845584428,987,High
0.12403174005108888,430.15245265259944,7968.06261333917,702,Low
0.053091323305773486,392.4607959243495,6989.872656862776,849,Medium
0.2356637125175451,331.7991447341369,4650.119823305126,875,Low
0.13563682966346285,109.0601949570744,1445.4863650064963,790,High
0.24333096380873392,64.63678077106336,6819.614600699969,593,Low
0.24272399541785056,464.3815315170591,5192.849557240474,589,Low
0.220601891093472,327.4926415343321,1804.530979416968,820,High
0.10888977841391714,408.44178093927934,1657.0009937634934,172,High
0.12701954572038504,266.6850581806475,7367.387736056146,608,Medium
0.22022733430337138,102.78868503307751,5684.401840566549,489,Low
0.11338440103125554,106.33360649114769,6805.007595217288,718,Medium
0.08389854933721849,358.5043792530371,7152.852301975871,956,Low
0.16136025249167002,243.6376527047582,5002.406464338255,394,Low
0.23723095483215623,140.2361270151515,4622.124462285289,468,Medium
0.18920595933499462,271.2175460336466,4012.9918722469315,895,Low
0.16401223401787302,78.89402168381034,3218.626114537835,964,Low
0.06943529875415372,311.8871308614795,4042.171726010982,793,Low
0.17300144533983397,171.04703199579396,6417.157590111095,648,High
0.24801077002085264,408.9015952867347,5213.464017105921,748,Medium
0.07801680304730481,189.6628815156082,7247.663029683923,949,High
0.15366593047274735,254.84906708681055,4103.660100654314,667,Medium
0.22547461438559108,55.22924295864529,5249.627051031278,286,Medium
0.19815372355084088,82.6010995075515,5419.152871643921,952,Low
0.18940314819905363,226.62210038300816,5141.880136144278,869,Medium
0.19049681679742186,265.9724756227056,5918.4364115986145,544,High
0.12189823024395104,320.00924665368666,2662.0342786236442,669,High
0.10871836885289868,181.24816041918646,4586.546442820534,462,High
0.21187223109570275,362.74184875694414,1729.5736196584337,222,Medium
0.21202267893583615,437.05507873514205,3691.579293513688,287,High
0.22341446371602075,400.9329450020074,4413.669480348851,841,Medium
0.23264811051129425,67.82847140676071,5565.569816818307,779,High
0.15226847977218755,266.228126266023,7653.717368103425,519,High
0.15030325893743993,97.21858028817869,5204.557465838491,725,Medium
0.20965903579335504,158.92025713813734,6205.157413235918,351,High
0.17999278615555303,493.9981669702159,4543.86241646642,718,Low
0.19039337545154067,114.12299430568095,5438.728219634319,648,Medium
0.20915853388722022,274.4996690531102,1496.525512936414,434,Medium
0.22800106836351325,328.1700804431536,2780.741065892929,191,Medium
0.11759903137030717,366.1092367448468,3532.971652435971,629,Low
0.1251165905279888,301.84190756911136,4307.453485045595,965,Medium
0.0687963879681738,54.396881338632646,1319.541218516686,162,High
0.1656560281992348,196.90758870979636,1980.1686828732238,761,High
0.05718845475934842,282.97023952312014,2937.7001545391404,611,High
0.14311960362649204,89.53992461517501,7800.728836307355,238,Medium
0.15852892694151532,207.78211904413135,3319.429049721355,797,High
0.10730825042565689,64.94139895611495,4374.287406784578,284,Medium
0.16816665211380216,85.36032371975934,2372.6839891687505,304,High
0.05610004998780989,228.61547429071823,5275.460497530378,871,Low
0.057469637749842886,109.72208931937716,2964.78250861182,313,Low
0.21452011213193167,305.3933817177012,2448.9480490689875,355,Low
0.12203812828225258,360.2592361117696,4616.0083991218535,234,Low
0.07541210253037696,410.2640145990873,1038.5405941229458,672,Medium
0.15444865201096086,140.06760991016455,1053.6482285445773,974,High
0.2039987106197222,125.36716201658139,2533.4816637130043,921,Low
0.09316420549936864,97.05552815048011,1257.049537505748,187,Medium
0.17457809516380007,336.3936122946365,1756.1802789148396,935,Low
0.0670694929987536,367.9140769191055,3372.024545371261,306,Low
0.06033634423372154,64.21376517153891,6618.09975705869,228,Medium
0.1562709263136296,471.2955108096604,5004.3405035851065,922,Medium
0.1581270243220213,73.38707764316258,4588.674081694915,102,High
0.1774859802996413,293.5833508854817,3054.4217624568514,853,High
0.1952182667445323,369.0772337529124,7522.276036029714,220,Low
0.24517041589250693,441.93610568573854,3779.1052886603416,484,Low
0.15326006966023908,371.3391194595925,1609.6493675704005,713,High
0.1145912945882492,410.7776373814063,5319.465612824609,137,High
0.20903723895374077,202.75258664426272,1796.8687543362098,440,Medium
0.10416645025241485,416.67130118593053,3416.5619996118444,744,High
0.1377942841411272,86.0516808731038,4551.883571024662,813,High
0.0656912762684532,452.66749522723745,7119.557672796231,959,Low
0.055070148683091506,296.4165692691813,4454.826062380831,120,High
0.24252968293558502,417.78399648312217,5915.81136222165,341,Low
0.21719602410244115,253.54322803323507,7949.717872993492,554,High
0.18919484121873958,339.6099628384362,1920.4238392858715,720,Medium
0.131790588882854,286.88119742125093,2923.1206786366365,402,High
0.08465886401416917,379.21528478989933,3762.0325291835247,695,High
0.0812874085342172,86.7334919137653,3952.7972497718197,694,High
0.10004857963291908,77.15843779575371,3877.1475268588206,902,Low
0.1598453329412241,161.19645530456592,7353.2770178958845,168,Medium
0.1929191845400125,121.79510605093475,5998.228511267995,228,High
0.18203947534354625,442.3026049664908,5255.336498634926,295,Low
0.10598677938918857,148.64629431111996,3165.6090250394745,239,Medium
0.2409730561326388,489.1393651186091,6766.5326895490625,543,Low
0.1975793833391537,201.60310629699808,7685.423580394922,382,Low
0.16087081050228014,131.95306205991466,6748.387977851586,411,Medium
0.17234414924687047,405.36432821411563,1010.9557363403103,845,High
0.133920012485558,346.41849897539424,5454.809591283849,634,Low
0.0995461979002315,274.18807240391254,1357.947670094705,764,Low
0.12119453573025232,299.91359792193407,2803.250542336053,376,High
0.2015692220928738,373.64080022251875,1416.6729024344017,160,High
0.052878697725951176,152.8046335990844,5226.568170645714,418,Medium
0.07321452810138325,498.35026222553387,5806.129394448248,989,Medium
0.059200528404350555,488.65692296605243,1801.4134664613357,151,Medium
0.05814576046379403,342.6465588561216,3686.8721813148563,955,High
0.22109211680220148,139.7941029181153,4193.655562688795,252,Low
0.19073157187600476,356.1027090940811,3583.371152326416,848,Low
0.14483476581746504,82.48928404062913,1847.1750033963513,410,Medium
0.0695668321302003,63.79362599261273,3932.634531312328,913,High
0.14832317502336648,165.95729983004617,6258.246334658927,643,Low
0.14469435415611315,258.1803305326923,1497.0536517327882,666,Medium
0.08464037398200304,440.7226274337712,1561.2600985733243,963,Low
0.13677032984759463,377.2260813948386,3483.3990428518896,488,Low
0.1297009468794747,384.21793453999146,7592.079981332476,647,High
0.17317001961044332,241.47200050163391,5680.008527060399,721,High
0.17701873017352876,205.67074664613332,5750.689696707954,276,Low
0.05906080195440891,216.9674433430712,3533.439935865055,461,Medium
0.12492252292529425,494.442303681226,5155.625538459769,413,High
0.17517198314284727,68.04913613561712,1070.9182881942036,906,Low
0.15062725171601754,440.16417325510184,5452.672324866796,947,High
0.22129796823766446,310.40393385757704,7393.008633033657,196,High
0.181738726323789,247.3769386353157,5288.014278413734,980,High
0.08258688541628595,376.3659471868114,7115.890154264415,312,Low
0.06411374948008597,269.00102364111626,6067.811388262657,928,Medium
0.17848385564126312,443.04045713674725,1843.9089148258317,236,Medium
0.05530226210832437,455.31583880506633,7317.173151000892,105,Medium
0.16715511625469265,239.77441709305495,1465.106910490424,208,High
0.23804604828499154,174.5725087557732,4737.772307834346,646,Low
0.1650948355751758,316.55764786701303,1994.9598665542037,138,High
0.12763398524130437,460.5635055275109,1081.9462751163285,761,Medium
0.17865764368847065,144.79798505254996,3954.239820893473,524,Medium
0.14165057809830334,330.33496260356725,3065.284953579094,729,Low
0.159123357863187,334.20209904163426,4402.003456583221,360,High
0.23829296175530507,379.90086008687643,5040.399207141856,525,Medium
0.12722052756015484,109.20545830726691,1306.1735061626314,186,Low
0.24223811276478285,372.1212341069399,1861.0230658662194,564,High
0.23107012839121277,459.06463429953845,4910.4967751529775,175,High
0.0891582269578593,130.85739899160887,3402.1714722086076,570,Medium
0.0638722601750331,156.89449621574494,6104.214412846136,513,Medium
0.07015560027548534,487.1277923187378,5566.041540143578,924,High
0.05364436513030995,131.4396287192704,6919.230540929348,994,High
0.06888859215118569,434.4732920163106,5847.449786684577,825,Medium
0.18660135468327138,271.5250354016157,4009.517541731037,556,High
0.0642377296920458,161.25398348142966,5710.766356761027,384,Medium
0.11379512605875226,441.8374555726301,2927.66821978793,338,High
0.2189750621938909,250.38736475119947,3144.194491447489,776,Medium
0.054654387147165175,281.6678092683606,6522.896119445553,698,Low
0.21289369651778717,211.65501622989456,4124.936614811075,752,Medium
0.10637095495467999,316.82788314571735,6588.662383628467,771,Medium
0.07363296552433125,123.58574266326025,6756.956615677949,657,Low
0.18934743307283014,225.9866914932923,7002.936363628986,471,High
0.1757885693559768,486.2355450508794,7416.446650888452,594,Low
0.2254944027054106,166.1600447155074,4016.8965435930736,723,Medium
0.1970142087607772,345.5314990435815,3232.067728247972,144,High
0.21069618607696972,196.3355289011127,5075.3912261587975,500,Low
0.1064069145142613,398.06290655897027,3598.206964063393,346,High
0.08548790875594456,108.89314732325742,5207.519167601631,715,High
0.20012295032817168,486.41947028534514,5939.101038506772,696,Low
0.21136694785345284,254.20529362263767,5818.8351294449585,549,High
0.24810102840013465,156.22270850590877,3621.8702091408495,584,Low
0.13252353538228528,83.0735362985057,2168.02141189127,745,Medium
0.12440361715855663,126.39105728939333,4013.705369235453,719,High
0.2052825921483994,283.89827685020794,1998.159008573361,117,Medium
0.11816070805060358,201.65142939407883,7230.679246286659,705,Medium
0.23615146512071294,422.9975146471743,3421.142225165002,761,High
0.22168255036860235,243.89938564781266,2081.2182305632664,857,Low
0.13579880547500367,161.92142266443346,1178.134319340256,388,High
0.2001742135582995,327.71524397181355,5520.75670400539,513,Medium
0.20090857481693647,368.0497475984506,5458.316222183203,820,Medium
0.07062477376718652,125.16885855542743,3384.2291660690416,737,Low
0.23051058133591334,125.42864732974294,1501.9832219335572,334,High
0.15105047448957143,66.50214212009433,3867.402264266624,515,Medium
0.21529149322154834,381.38090677953824,3178.522465443755,598,Medium
0.11400992020612236,348.7120374298123,5739.844478145065,733,Medium
0.2291046456992401,263.58389408741624,5240.454746168833,749,Low
0.12784033574683262,429.8767020361387,3552.15609738278,214,Medium
0.05216753029605967,412.5515688275239,2525.247879784931,773,Medium
0.23107639528385276,313.40946397853844,7916.251763089143,812,High
0.06825733535722672,440.72207623096637,4178.011348372804,333,High
0.11386272751808298,142.62854451654573,5817.919650461659,639,Medium
0.240012393410161,100.36382872897755,1983.8707730485253,110,Medium
0.24012142938751124,171.38732518264533,4399.127897615785,305,High
0.16468757762465724,75.68908524019169,1192.7570390862584,778,Low
0.17636744243395985,289.0262876004644,4538.18582537315,346,Low
0.13968910439566395,471.4725615327327,7748.121849823917,658,Low
0.10864215433961291,67.70459330082934,3689.4469909006016,857,Low
0.1157329090739832,104.94946130451206,1272.972088024381,226,Low
0.18450369121540772,253.4895627275459,1216.6905364354047,246,Low
0.20047490588753603,470.2437578875572,3715.9073196280865,217,Low
0.2083158087451697,192.27024723953772,2120.174555242358,481,Low
0.20792362855891078,278.25566390977656,1163.4646742973014,511,High
0.06824122060973808,68.70778657267644,6293.495297651238,763,Low
0.14888406094051632,116.75444043293999,4209.661062173234,683,Low
0.06151175200332886,493.9835553314811,3024.7134038085815,462,Low
0.15990577646474713,484.3034133962205,7300.582281115365,608,Medium
0.1383061002746754,52.22299142048433,1812.9727214036793,236,High
0.22754083655165996,478.3153034404575,7691.431802687234,274,High
0.12018300251041575,337.60397201697515,3197.76702164147,388,High
0.07341340328552118,440.56323253400996,7218.825706160768,580,Low
0.07859833641056718,254.63293503523659,5220.600135356231,118,Low
0.20230212634349448,282.01821286066263,6786.951518190413,294,Medium
0.17364361266325223,269.9809611156141,7888.09214247325,429,High
0.07022453522455806,350.08891589574694,3018.83806473122,274,Low
0.06682136122299949,112.8430646403408,7727.948397853151,548,High
0.19019382629182402,63.48811544270508,3726.3732643169424,453,Medium
0.06455260127283871,188.56847371603592,3698.5833331584563,598,Medium
0.21437201185807125,367.106343231491,3382.70972978154,240,Medium
0.19124844543129926,140.83405345532677,4789.853251433096,857,High
0.06626975612837996,353.04459499621277,2079.0153022494096,996,Low
0.06696754281703839,486.4604207482717,4875.980397506079,192,Low
0.2473279157002351,92.25532210523826,4791.933686870028,338,Medium
0.12485415915122407,352.6709532013068,6333.31268823409,304,Low
0.12412842941337819,249.687598687057,6835.549733563099,659,Medium
0.21255991345150055,440.66401446987743,4083.089452186968,532,High
0.23944971547677174,129.71740525132367,3116.3327454604564,344,Medium
0.2472002127645742,361.68167850177406,2815.3442812196613,931,High
0.2006756370517883,427.1518803416496,2362.3668569341035,416,Medium
0.12525191710618316,475.07639876331046,1403.5330753931742,394,Low
0.06670014333973376,357.4616127303406,3397.1358518429934,739,Low
0.20542938318548737,273.7286438037923,2891.733844915483,955,Medium
0.16168084994716103,328.0312580905462,7764.921701064852,381,Low
0.13484440184939528,441.0072430154232,4903.961783750307,116,Low
0.23127087701894722,306.77438598747335,3430.939273213553,170,Low
0.07223949646123028,63.67417686357659,5063.2732069558715,368,High
0.14852502085817182,468.92691297814,1974.3769094198685,424,Low
0.052270728953483815,360.2870379642025,4108.30624441542,893,High
0.14373212839882527,354.4310235997609,5383.640249947447,404,Medium
0.06126065513636747,147.0538185789727,4422.28482254716,550,Low
0.07376358325361439,346.49846160469576,3812.4516045802698,106,Low
0.07350524935542098,227.2389825443713,7956.938722297888,413,Low
0.1798420604232127,343.05483966867143,7162.203335042489,916,Medium
0.19920897585308467,97.96686363859583,5363.841707116081,202,High
0.16667375301943194,346.0303870713662,4985.641528275979,920,High
0.24243450969490837,499.73617659679996,5344.623358772088,292,Low
0.12497411590474082,71.69541748725021,2409.184754757033,852,Medium
0.10714241725637215,489.72838289959276,3765.9642028502303,673,Medium
0.22371982563789206,233.10858232529176,1276.2167302362952,628,Medium
0.09471916770389054,441.8390526517666,4328.822262407786,270,Medium
0.24264450788812225,402.07346782622307,4801.172087703642,636,Medium
0.05243089493796327,305.1573174440005,2594.2481527224672,350,High
0.24397576534152782,382.30214416309695,7748.201930158596,864,High
0.058631982390115224,445.3320025856066,7366.182276560694,486,High
0.22822862273961425,231.86314474296483,6055.002648191341,306,Low
0.15554022181725996,197.16492270345742,4733.706401357538,640,Medium
0.2485929592238601,350.4170235036131,7089.784117533794,728,Low
0.06475931294707978,413.53067387356634,1914.5664067642404,515,Medium
0.16077085688026416,393.0283106494771,6533.568559924195,893,High
0.2438605071238198,409.0161419863855,1873.745697767938,479,Low
0.15461956883402977,246.01249166581985,6559.474637845838,243,High
0.1758797276270525,418.0253972787597,2930.372977759499,124,Medium
0.18914973779692346,104.09407491677379,7139.634067127323,921,Medium
0.14090821295355466,295.0200940823823,7608.294656777784,767,Medium
0.1755116160168127,52.591397224154704,2041.5717858358094,172,High
0.16686286238462006,196.06362345512164,4238.729235457755,731,Medium
0.23023160209819782,214.90769069212905,7866.911647138796,923,High
0.05908927606829158,228.27771122416493,4383.852051812026,932,Low
0.10619263791844608,362.960243010438,7044.832657601816,192,Medium
0.24008229681531174,224.8511455716556,5121.120654919239,604,Medium
0.22805275677818326,251.9121301801388,3627.309355437213,697,Medium
0.1411313505571426,156.89485889344735,3000.4848886810914,435,Low
0.17402651956030735,217.96330623320304,2422.561637602611,524,Medium
0.10547623659622654,152.27133226841818,6332.58733964388,598,High
0.08762423194475227,82.93816569579964,3705.783547761195,463,High
0.14273968098799644,321.55186702162007,4578.9282354052575,729,Medium
0.12067044560521056,350.69575934975734,4446.278360008273,844,Medium
0.1667312223701744,328.77065570432654,5040.953204631918,298,Low
0.06554692739299697,258.57231971025755,7059.040019371866,817,Low
0.2448789615332333,220.90360108065343,7865.175405084005,512,Low
0.2472421488959206,438.50014230732137,3853.0894600167185,438,Medium
0.18963234280394903,283.5868033112981,6792.632454744122,758,Low
0.15721927326882407,265.63184493337894,6351.694562583024,528,Low
0.11190552325726555,61.538929612896055,5014.702660189013,882,High
0.21275900394138975,203.56152243177036,7692.330005283532,998,Low
0.18694623451077585,221.08802845363567,2403.3216086988195,238,High
0.08252338786897825,229.47025140360523,1764.8494721673499,792,High
0.23218543689876853,311.07756615229954,6977.733768687955,641,Low
0.21450744858463383,290.1211460270953,4074.048716436238,156,High
0.2399599826583848,323.55729175705005,6928.7819794494235,331,Medium
0.19514390167767198,394.1974676939577,7251.631436367905,757,Medium
0.172683039187158,415.84358242224204,1437.2031553335,534,Low
0.13364860725812377,373.1553843019225,7184.2533409024245,483,Medium
0.23654569667080266,479.98566317972063,4138.233387585955,659,High
0.2232127779000817,58.204662204362734,4573.027423029625,293,Medium
0.05904373402123789,138.10009355759576,5386.147577652471,835,Low
0.055273394899450407,53.40329374016395,7484.678247110607,747,Low
0.12529267337560993,341.3636213695714,1133.8126610083482,633,High
0.2121106661563666,454.1137470274941,4337.90427822472,617,Low
0.2474552258629889,159.56703345933465,5814.054297013925,815,Medium
0.08008337822070564,467.165545158338,6058.9487038876,850,Low
0.16882614307042704,77.12032563030237,5847.727020759756,284,High
0.1261781713262043,470.49621206248145,1941.045905856853,971,Low
0.24398287956292064,208.2302092578355,3095.7691186017687,391,Medium
0.21842378462714174,95.63937280214743,3511.008677919094,434,High
0.21766574094222757,268.6422916338465,6631.060453756535,831,Medium
0.14373863195899406,165.54945547422858,2951.3191069018712,215,High
0.13296390046753304,178.1928058828653,2474.9347470704224,924,Low
0.10468141438614126,188.28048421682897,7702.136133266673,148,High
0.06127509933018543,411.36165402469857,1062.0429957942822,784,High
0.22294447525101063,292.6225745038645,7984.745989773847,181,Low
0.2125802018260155,190.08846462020165,5737.749092001769,933,Medium
0.24994353465722613,324.6502024899133,6799.28509614382,432,Low
0.24932736741478106,372.2678034004371,3062.335774423352,656,High
0.1610863411205255,172.6808003300902,1100.2069436694198,434,Low
0.20379748303610212,236.09709568640818,6165.08662993071,631,High
0.2389531459764856,104.84874200162639,6839.012179004731,320,Low
0.2199294781354823,131.51720729060614,6183.332923674634,734,Low
0.09946962034863954,356.5030342842423,1999.95201110587,845,Medium
0.14010882706201871,131.64725646303214,6273.995455798784,832,High
0.075831883030299,286.3235226501771,6382.459474753487,422,Medium
0.24081020545174447,369.0708177750947,5609.783609690384,950,High
0.171234926890176,98.09461539263472,6362.811529569103,102,Low
0.09572856110069256,305.2904988330066,6921.450077744125,793,High
0.18434013688117135,165.4532526656137,5295.228799662209,305,Medium
0.17362564809157915,483.3170938569109,1620.2329977877534,931,Medium
0.12163254360656811,267.5955410239661,4413.394667670476,139,Medium
0.0727115184399258,412.69664739882114,1543.5453427012353,158,High
0.18431463911855994,297.6019439703178,3852.801217227016,673,Medium
0.15406154018075868,69.53563978466863,3849.7454238793935,743,Medium
0.20446367834712786,334.91811901731006,1462.068908981691,606,Medium
0.15403270022239868,478.13150399299565,3441.7437377863553,671,Low
0.220436300063708,320.725319065849,1776.986691539204,983,Low
0.16038136775489711,418.6349867420556,6657.646470064555,942,High
0.16218759430707724,447.8929085067835,7633.8161817512955,221,High
0.22533072053166903,152.6358973770196,1506.2153268055704,578,Medium
0.1306965732424794,145.42017795870197,7685.80645104191,718,Low
0.07680304569012815,324.9414449829463,4658.036195357216,195,Medium
0.0557565352626678,234.9628114130171,3096.959745677117,958,Medium
0.2010274511347238,427.93758629002417,1538.0345269331447,513,Low
0.17406191027069295,455.010405529105,4504.369876492925,334,Low
0.1908159536198447,209.03962068622315,6561.608811435241,997,Low
0.09259283230178215,156.59175153851692,5949.605340866887,161,High
0.07727429511735395,401.2364818597378,1351.5820802478163,355,High
0.05290893313357639,173.66271599666123,1510.3128475753247,660,Medium
0.1201175117613194,420.17644333115527,3820.11297842846,447,High
0.16798353737092664,240.68221414194326,3067.033458335603,770,Low
0.12844880901994649,350.3974546811617,2626.690261392335,223,Low
0.13749498440474583,92.99089122560068,2967.031492360995,581,High
0.2308317388987497,330.73669610445785,6624.379203078192,416,Medium
0.11965109340466007,253.2954554317531,7504.596375422977,603,Medium
0.15279789783196218,313.97380842896337,3835.7188616929648,818,High
0.20673060254822861,125.60639348518853,7342.777014927479,147,Medium
0.12930855646425404,381.59318522488195,3250.4699087351737,508,Medium
0.1744173400455747,438.25868489445287,4335.058904406542,235,Medium
0.22247274174934906,147.53291004084906,2582.202984711998,300,Low
0.23990412473152845,93.07154998407277,5483.332295230908,349,Low
0.0794146961858076,60.63736372085138,7852.867806223662,413,High
0.2353175250322989,338.8871751994697,5224.45167230365,968,Low
0.14842325861590766,323.19231623995137,3504.698588794842,467,Medium
0.10164887765979168,296.0138357213315,5534.722121933699,528,Low
0.14182715124765227,154.37619325218895,1860.4447492577128,929,High
0.24600651505709542,225.9076981574816,7220.61356185779,906,Low
0.14852361879857393,317.5143508337779,4521.587655458854,579,Medium
0.11575032205750165,273.54508648662625,4145.448194277495,413,Medium
0.17668017086334514,494.5034840966993,5101.053519174634,599,High
0.09802912375563862,111.39788865052991,5373.487039525818,820,Low
0.0651726656217328,362.8150493214172,1502.4306435855913,454,Low
0.07577594438212985,231.94344564693145,5778.320548563816,584,Low
0.0756091677915545,242.68982671652665,2693.521762208707,310,Medium
0.08038053870245887,372.9189945461793,5997.668427546128,803,High
0.07776543452988204,361.59626809596637,6757.743560689377,143,Low
0.17817494896064295,496.0651971659847,6627.709552867642,640,Medium
0.08637601687982896,107.77743025435635,4867.506771855224,670,Medium
0.11913345666477265,96.84934222287485,4641.189246175258,682,Medium
0.22935768198120238,375.9524677079335,2000.131729375882,191,Low
0.14479232805257447,310.27411265288407,6427.42305282195,364,Low
0.18351154770420547,173.37229995191262,2899.8656631270005,994,Low
0.08446397424032598,85.73871604504397,4476.867959725626,319,Low
0.08845780376173416,88.54621231839374,2989.918650492617,541,Low
0.05817372325329578,452.3858935988532,1936.798540997852,500,Low
0.08378701261443292,136.3402961234343,5406.903878242156,499,Low
0.10571806780639173,195.51720295198433,1380.3242437603267,826,Low
0.08540209685534936,151.9953810021446,6240.5166388833995,998,Low
0.06774050675141113,209.7483376243718,3223.1075668278168,888,Medium
0.07412717422012016,81.24072923574201,1000.9428510313973,675,Low
0.14215575360654514,283.57690590872164,4577.903974660609,957,High
0.0912667436811585,80.4256536164967,1327.963359693222,903,Medium
0.1228539722096151,410.1604285200627,2933.186904746296,589,Low
0.1506834541709714,155.17043685969486,5948.835412190013,584,High
0.18807896572587307,293.00536157202976,1438.827351353061,856,Low
0.05786242796821979,446.0355894026562,6875.369446492016,569,High
0.20988207978180856,342.89481607123736,1026.7394586100818,673,High
0.17558007789818159,289.8310039481009,2727.7670844133154,943,High
0.06635180638977439,195.95018890191903,6186.3283930645,781,High
0.22471572482135543,199.85086087618907,3213.8910481051475,544,Medium
0.23417448010636266,351.26912983918555,1713.2467164620948,368,Medium
0.062215591970972754,497.3627125495254,3521.637431602995,366,High
0.10537552962944075,347.8276354322204,2892.753004691679,153,Low
0.2112402559586123,301.0025378165112,6898.9833151238845,627,High
0.1996519380767317,378.79272960766076,3193.435423096002,619,Medium
0.08690420387127547,259.34252552767316,6522.52730243205,715,Low
0.09186986466734207,77.06405417035334,7243.105013675143,158,Medium
0.12409442055827641,303.0335671450594,4036.7219370357066,924,Medium
0.14690459703820427,480.9313780274211,7369.602006980744,139,Low
0.1736509543060592,128.88632406094683,3641.22637774235,336,High
0.12378272791395449,360.5022008692996,7748.548915430757,485,High
0.1425069432266296,140.4201598965754,1625.0266716790106,705,High
0.1994941876267513,291.12245801288657,5809.134865522699,833,High
0.05733664057811958,93.50440234102382,4456.698283198501,815,Low
0.10048738886880415,252.6669213161833,3713.5416381895293,749,Low
0.1926699171769105,390.2734980028607,5428.983151240206,399,Low
0.22904136753743987,206.40718590754193,5926.999641440319,494,Medium
0.15233548842313321,349.2102760192481,1030.5428875521636,306,Low
0.15642269705306314,407.95248235537815,2168.671621230391,435,High
0.07143440226795522,467.2300187657537,5991.322354440231,692,Medium
0.13948247336469094,155.5889368349541,5664.697895047445,829,High
0.15652345329100464,229.69216211418868,7762.33253590074,613,High
0.09849410072694594,118.58720599868785,6327.264531755481,277,Low
0.1038486461898762,496.6175759712688,7655.408954119366,495,Low
0.12545683262092455,467.15043556593287,5917.783510743649,470,High
0.054014239555545275,292.98070862625184,3086.3654604761023,957,High
0.11441583311663567,428.9149824693896,1737.5544557559951,890,Medium
0.09228960139930893,284.431089772419,6472.767043414549,757,Low
0.11549947043558294,330.6135596012419,5509.044550331411,417,Medium
0.07395242636385024,90.10599445220748,1337.3020867530736,835,Medium
0.228105456147979,389.8716892235636,3520.3532613068483,468,Medium
0.16871849071080974,107.47106763585566,7697.598708390004,483,High
0.18582046382889794,421.7304336136378,4502.808019971409,161,Medium
0.2078342477214677,401.91263945167367,4029.1039521379325,905,Medium
0.14968843978581148,368.9351139843394,4203.897236115057,604,High
0.06738405761748474,66.27217123614295,2462.179068036146,338,Low
0.15742130836370954,186.40776017539787,3580.9501960535663,294,Low
0.16736822360417583,168.4006564598793,3588.6927919102363,777,Medium
0.199087894836866,212.0613833621836,1366.4851413123067,321,High
0.13633190924593588,89.43923604372733,6372.973399625428,160,Low
0.07551606055911275,471.6310203639783,3915.531023327153,228,Medium
0.1067551811597449,299.21100832056936,6755.259207714963,784,Medium
0.12261645927972703,187.48593979611059,6952.436007839267,255,High
0.17918344826632027,228.64168268342755,2483.958382890606,477,Medium
0.16415566093378237,251.24114322717605,5601.4743751909,721,Low
0.12121934517956925,320.2674500122778,4305.9726291408715,880,High
0.24730304975859596,282.055742463424,7161.097165450396,967,Low
0.17115496387137744,463.7263879464878,2510.184754235179,889,Low
0.0974453583471989,273.6335673076236,5744.69240217031,685,Low
0.07035649452408076,496.4711066704907,5254.264855769058,536,Medium
0.08057182783686641,433.1412309852931,3067.1103430028293,306,Medium
0.09919154567690164,143.8297314608011,1956.2063255582084,487,Low
0.08213627465191115,468.7678465897623,5561.478323340936,579,Low
0.08731340481026115,102.36487904846425,6170.182206926314,890,High
0.10701903373876942,417.85236882103624,3209.39140634345,986,High
0.08467471905895096,221.28048206446104,5513.828228156197,937,Medium
0.22935308492528506,445.0884442002813,3765.916353280523,439,Medium
0.06604674913232844,440.6255105483527,5992.448182978324,968,High
0.15490227791405092,412.6664300529295,2394.506924258372,439,Low
0.1320793653979323,405.5136963381776,7231.50501845322,303,Medium
0.2464757233817213,187.10561259411836,3011.867175259058,260,Low
0.07240778043361047,86.41367737306348,3574.5019142930705,639,High
0.12957111980914832,231.34108044432264,1406.6436645624485,491,Medium
0.24389408665507378,128.0860317439289,1780.5854862489348,868,Medium
0.22310142517879605,362.72799000610775,4611.033318986297,776,High
0.21341441418985602,205.7448769420035,2873.1487370958002,674,Medium
0.10158056540898797,489.0245903869617,6848.361580195361,633,High
0.08417751747801316,338.4374348053994,1102.853720584677,169,Medium
0.1837286439848862,420.11625363546244,3653.658340703553,992,High
0.2358751978255172,109.63610273383179,3361.418827383649,504,Medium
0.16135257860278596,437.90651702268013,1135.2934164232072,707,Low
0.16432253789398,465.2407357310274,1870.5787930035717,774,Low
0.10599581873205684,269.1778634685212,3895.498724430447,690,Low
0.2038985866383874,322.81382198793983,4450.052091132126,616,Medium
0.08740874971150467,394.16441040634794,3830.028230784084,927,Medium
0.11473584728084874,128.67738226718564,4716.563748884657,219,Low
0.13508728772328338,276.1547344085491,5165.921724339771,913,Low
0.15152207573689103,229.3983624975409,1069.4667478948495,789,High
0.09848194648301606,115.8682964730121,4248.666116174527,787,High
0.07296736494784072,215.39049003118916,7744.494686213118,316,High
0.17212400848832654,80.67753922347211,4633.225960906841,155,Low
0.10772611064805115,61.61535812726915,5742.795872212672,465,Low
0.16624764428452246,110.82483011967025,3183.0470054181824,798,Low
0.08087254305484047,483.4018002151282,6417.939647069337,603,High
0.1462280203709635,297.28829115275767,6410.450373132806,843,Medium
0.15651788651031717,484.619972518949,4649.072333578973,866,Low
0.06036470736448538,244.62404524855938,7832.096762954495,554,Medium
0.11732085563878412,190.3172598883668,1878.8515033385736,203,Medium
0.07688293538779485,277.7638382781098,1118.633654227067,176,Medium
0.06267499409455356,247.78025988480957,6391.107482299672,329,High
0.24799204647798906,97.54910791778477,6650.088761554178,357,Medium
0.1144707689949446,338.3718416105928,1841.4506038440336,363,Low
0.211974889170927,147.21718212931984,2859.0798307102423,430,High
0.10092813095275277,328.8145797040233,1122.8665435664025,281,Low
0.1863005444447859,342.590491579169,3053.160275463953,992,Low
0.20204557197793732,118.41118390789165,6411.9931174307,867,High
0.16912774812156886,77.60733219980068,4625.723693988053,649,Low
0.14431523771003169,401.3427137307979,3436.6691521780167,787,Low
0.13236818282945373,256.9101906961941,3602.175064344312,126,High
0.11977365330859907,76.1737079774641,1009.475380008277,375,Low
0.23590582884956518,497.6898427263952,3098.6036929566512,751,Medium
0.21612388155754586,76.001252448365,5525.211191465513,398,Low
0.24300538213330253,362.76585298634893,7819.3611067145,898,Medium
0.07485944469710895,492.6555163685361,6929.425788887296,190,Low
0.19617349504072884,157.63104689716653,1165.1647525187038,579,High
0.23766809136420758,114.01221590923828,7289.924232723875,672,High
0.08624661323313204,104.62322274009301,6482.388893090381,557,Low
0.06329925347335551,186.473816405418,6462.632864996863,550,High
0.1982241298580118,95.47061495479102,4205.970313025,464,Low
0.16489462263598237,361.47260376235937,3786.0370506815198,958,High
0.21836575535165442,78.03130915852822,3120.4101018323486,774,Medium
0.0779544753252579,279.2399576674054,1459.8640126805603,450,Low
0.20905346237197803,498.51358423383954,2597.6475444558937,754,Medium
0.09032546400954891,416.2866212777085,2726.2254448461726,499,Medium
0.0827311885731409,326.8487472039549,4388.539487971411,352,Low
0.0828531595861986,187.81412935397526,6232.110846176858,880,Medium
0.21291494404627642,330.7531263312373,4316.668798785626,980,Low
0.18303944413924006,287.16865876024326,1404.9111461301243,902,Medium
0.15461308495382386,241.73752275066715,7704.528606917427,558,Low
0.1217660968247005,108.81966953308977,7599.070233658786,798,Low
0.22544010816262167,448.97189685821,6496.326802038859,598,High
0.12848902148452707,252.40309196959512,7939.295310949544,607,Low
0.21331988789431544,137.58013031934428,4811.376329601841,403,Low
0.13782698171404367,215.49170789478032,7739.3784517724425,600,Medium
0.12538888588498154,236.35838863801717,1529.2352843172553,902,Low
0.1425359571339213,422.39205300509343,3559.7652378295993,697,High
0.11027557483282842,380.1264712526309,2577.6688760473608,265,Medium
0.19952187603525023,396.1872021386029,2370.83158893989,514,Medium
0.15054407801849584,54.96406899289124,1985.6206422487326,561,High
0.09644253902936346,237.2692991808927,5356.895490961977,213,Medium
0.2299149146549137,266.60486823589565,6469.252990231135,532,Medium
0.1267782442746423,58.63652457037551,5048.0887959425245,455,Medium
0.15871057222279772,166.9159439352654,2028.7389671174676,794,Medium
0.2312944221929094,392.1304204049608,6677.866389534296,306,High
0.1748475991827984,111.69936757804957,5451.6829501461,867,High
0.07337960814167283,290.88955915366626,3717.1599428889685,334,Medium
0.23796642472269502,146.8408424077569,5718.912068752441,541,Medium
0.17554161061428358,55.45434858975197,2819.33485469983,454,High
0.11698112293141723,158.54065591979366,3416.3454594594737,614,High
0.07785441453267745,489.1431897095242,7422.400901923931,307,High
0.20880503785405918,410.6917003473453,3033.5315396999426,808,Medium
0.1740145511857027,481.80948994446504,4289.917877105556,952,Medium
0.15669221839526432,269.53431976686306,7230.987961772103,224,Low
0.22877851661019155,99.38128940487658,5954.049451872692,237,High
0.20771944224490618,296.58177003816184,1435.4225831529193,438,Medium
0.08033497594655024,254.4698005519824,2031.1213099527924,636,High
0.11234441355910965,429.9606872328272,1054.8911354034178,167,Medium
0.09969782796289316,94.13716135291006,5416.452531604144,672,High
0.19878925851453538,269.7085116598002,4133.713977872929,640,Medium
0.05670648694715588,117.52189911229291,1939.9239563159288,482,Low
0.16397793697426333,196.10416710052698,7705.5388473973935,118,Low
0.20249173714813812,381.81068482450985,4707.61806761934,782,High
0.2253531273523499,264.20815821594493,2693.2530587902243,549,Medium
0.11841634974318149,219.1497283155962,4504.224998082953,173,Medium
0.21425146093440256,227.51432535651588,5757.342329145755,672,High
0.07212634739104146,256.75104578269395,1533.6745258149513,764,Medium
0.21929045834690364,403.2574447266756,2922.926705335244,375,High
0.07549773246639649,451.4381100231055,6648.758436187955,147,Medium
0.12945745811207346,479.90060892676775,4217.654092818629,310,High
0.20945907315591072,404.1065238148828,4826.039994226065,954,Medium
0.07998348546975476,191.93310308660574,4029.712015466285,750,High
0.0958502790465283,359.660617738944,1307.2995985010357,721,Medium
0.19445051367861327,246.92140582492635,2160.248458741092,794,Low
0.1940073073092149,164.60177992072303,4118.791471193236,639,Medium
0.17822952657705948,428.39221074166517,2464.2982578554947,808,High
0.18878968889342002,67.29185703304626,1349.853200617751,290,Low
0.15854488866951924,455.7928964609406,6905.547648362766,414,Medium
0.10035981178139056,257.6648590811304,7868.34770414881,662,Low
0.11913919870078389,336.74066456372617,6552.000117977176,760,Medium
0.08631954336028513,346.70926499260224,6976.494451932669,879,Low
0.2316901122667257,452.80298331794137,2693.8399122193177,661,High
0.16667835895322408,336.5013569752433,7724.388828592399,999,Medium
0.13017028335272798,326.2701131420278,2378.479931173999,857,Medium
0.14240116072882653,79.99341825231048,7660.008672532826,212,High
0.2394566679223631,283.2836098753418,7963.735057761657,269,Low
0.08067028062321605,117.57605036766874,5982.059640222341,567,High
0.16724596640335945,381.84519592466853,7868.0061225427535,777,High
0.1511777357768932,280.4998643657035,4986.778456969725,113,Low
0.17229084708692957,356.102500643759,2816.792482232632,814,High
0.0536220367641681,68.75280527107292,4058.971199659346,387,Medium
0.2244247817888303,88.15640722061144,5154.926547651502,288,Medium
0.23642365649672248,372.345524628207,1511.570934189105,254,Medium
0.1630266367178418,82.43795119940302,5356.402852320723,666,High
0.18933016477537845,82.06552749436636,7868.244857336062,793,Medium
0.23449987623545915,55.448813855699356,2330.7535484860937,821,Medium
0.19144772686267975,480.42562923476606,6548.165814018683,987,Medium
0.08050780858285228,381.8787617565531,7355.291556457336,570,Medium
0.16525767203336264,208.96313382592888,7605.911149741546,174,Medium
0.1713430092765712,183.44101157944485,7720.9492308381305,376,Medium
0.1348261342604772,207.3664533856323,4650.217471050304,744,High
0.1972888471249446,398.59408903153184,7841.155355940526,442,Medium
0.236873402953803,347.6167749816865,6301.171449941072,524,Medium
0.23511370258135528,133.33800554036057,2131.700053658733,670,Low
0.14016787428082644,128.34920090033796,4338.30074527579,610,High
0.07264760916815105,94.27804237102879,6028.318227604028,956,High
0.2469682397924669,347.1362238656022,2731.3822107335836,281,High
0.21777961728918682,393.9676979997812,5484.306284842211,557,High
0.07493253624065338,169.27089274625183,5666.203353326335,950,Medium
0.2341683765234745,59.42523246391077,2138.898206659961,932,Medium
0.22397927241242566,86.9772503643923,4955.597187169295,163,Low
0.15376761142521445,485.5370156802637,6401.388376850254,938,Low
0.16825508714898585,182.95014986483912,4492.269651751593,359,High
0.12980054077402606,396.15041652716013,1084.721817432752,292,Low
0.06095232776440627,331.0986059844187,1063.2692835550451,754,Low
0.11703944832918019,221.87283784380315,3499.2054077900852,715,High
0.2105706897196023,142.55926798799982,7483.358479022474,505,High
0.05092640460092057,104.62388817173289,2600.737457225261,825,Low
0.11669983433822884,326.75583561749,5440.54582210181,853,Medium
0.12963373871818867,398.58520128700457,2554.531094853244,820,Low
0.15747912058758456,339.7569140935088,3251.6899276168406,192,Low
0.2339711232825521,288.6359599621212,6936.294627210388,529,Medium
0.11926919887319226,68.87805054423632,6102.030095889628,753,Medium
0.11939064037924554,485.8199499174727,1667.7949411924744,533,High
0.19750024962194968,409.42138624455856,4000.9141469050355,503,High
0.14044358817796143,181.76991651543412,1204.1883455168513,533,Low
0.0949209645879964,490.9866482114828,4366.231026221063,211,Medium
0.1404879032265387,320.84671533634497,5637.038081907476,474,High
0.07817140407595997,312.0901961932609,1829.518365187061,158,Low
0.08527739730124467,386.6329307432894,3022.1945723641597,142,Medium
0.14967355454789594,415.2964046405619,3784.8563785150986,306,Low
0.1337850899009096,345.41537329917617,7436.717172592348,879,High
0.23296918021362,107.64308586479001,7952.785107960748,395,High
0.12247877982332663,202.22037769752427,1314.379092969311,217,Medium
0.16611767005560868,467.6376381467224,6327.055464467744,631,Low
0.1764528575839061,151.07702532973337,3602.0684648164024,321,Medium
0.05261889131766673,217.475160726881,3747.2073036063603,265,High
0.18270747440334212,244.4345973248882,6279.854813429159,742,High
0.08560719337395029,247.73224536250348,7428.985025017861,255,Low
0.24221406349389102,325.8228121225365,7656.500161517839,283,Low
0.07973254555062259,474.3841269851184,5039.858102268246,189,Low
0.13292482474540473,158.31172032462723,3499.84811510352,193,Medium
0.06706993361572877,104.67561933541313,6512.843601011455,112,Low
0.2493748503691895,138.86172043697178,2757.009682836102,933,Low
0.15043900206624852,449.1162050941713,4948.518201834624,904,High
0.16907700346400878,340.6148656948427,3510.049230674112,841,High
0.0634152954776855,178.65805515762207,5596.417515955132,933,Low
0.1999920940798356,417.17612253587777,2682.792390254548,903,Low
0.09198111861911716,437.6164983635462,2341.1506201437805,537,High
0.22961085788814278,430.9314524106251,7427.67360672806,637,Low
0.09102792809640144,463.5169401377995,1712.6257806467584,686,Medium
0.08813754413273332,163.50845907801272,4541.705354144522,975,Medium
0.05730993356961898,389.76886793582526,2545.9694807410624,910,Medium
0.14441338902199985,257.242773773363,1272.5097432796722,249,Low
0.1629682266525233,428.8993488005277,1252.1317280399849,759,High
0.06314172788567048,377.82080472272594,2226.5524047407916,107,Low
0.20510552333900212,399.4013509248761,7067.392481542001,128,Low
0.14065776694960552,345.27282695648216,2977.351207839187,395,High
0.154878053865516,129.8429462613681,7653.21419402707,820,High
0.13815254938764565,295.26211350362223,5071.356050924354,739,High
0.13015261217506519,493.1013827860287,4056.2993283813626,439,Medium
0.16192806626164358,471.8246299237035,5060.621842686182,727,Low
0.0810480491861425,69.42818110865525,4616.888696583874,538,High
0.08638562609905423,124.1666670782467,6311.433776301276,243,Low
0.22235712420270348,109.27794805455287,2977.472461809966,929,Medium
0.23922309242672657,376.690959493383,3471.3527412021167,846,Medium
0.12466186325595059,418.0033984356253,7258.660117732755,618,High
0.10414893462871076,146.08011483980238,7625.195592052838,144,High
0.17879990864780315,277.63371182832304,7247.907592405321,338,Low
0.1317468342196193,428.31636260504,3936.135957701195,254,High
0.05507727113206898,379.76069514481276,6462.558521048171,280,Low
0.08123051947323807,294.00674247133173,4334.350133107691,314,High
0.19319444576947953,315.6564607064478,4482.778965022715,187,Low
0.18178478838203027,278.762246112326,2432.7607634009873,355,Low
0.0554191985006967,183.89680309346926,5137.9121228096155,610,Low
0.0943944323865899,304.25989678655725,2302.9512842734357,172,Low
0.09621495931761428,359.9983859225408,3320.9528934703562,278,Medium
0.18437854871974568,442.99531213736344,6985.211411339546,311,Low
0.053942107550872836,336.33110929066163,2449.5306644759867,904,High
0.07082171639691477,392.5046916694211,1498.1079962140298,333,Medium
0.2099832170746379,122.03223572955785,1483.053148289714,564,Medium
0.08570893241086672,257.70086348890544,7585.491643521756,850,Low
0.18054922157037495,54.199228922191985,4548.443065732842,322,Medium
0.0976365562093453,161.00548903473037,3865.8845027191282,730,Low
0.06988827855186903,376.9077718008522,6676.150067055429,924,High
0.09863443819989082,496.3144781072136,6850.781495373612,363,Low
0.19445338637113185,94.63014481424716,3325.3372318092324,306,Medium
0.22113929362125717,230.6724421375797,5855.326402316567,706,High
0.21604397291339833,410.0319359146218,6397.859710963206,984,Low
0.12943670592369097,141.81603558300446,5582.554808061682,833,High
0.18361702731412927,299.78822718602885,2061.1655236006955,465,High
0.0909968590831642,379.88208321335367,7131.1815846193995,375,Medium
0.10862954605220265,327.19345261708054,4773.661869152061,479,High
0.22926716370422395,134.61113057693726,2977.306984590026,842,Medium
0.05260038470214721,209.92305590858274,3976.5972980638576,408,High
0.06710170617089362,402.70630301842874,1262.9976327923516,730,Low
0.09157725102920547,299.4019313594075,1895.067608556923,367,High
0.055306440774763946,52.35332609431073,6358.827253611026,884,Low
0.08628708701795947,392.44584201264223,1000.0814432875629,163,Low
0.16660831219393846,65.89010972310759,3915.960799376045,909,High
0.13428491011849958,385.58020222905446,4657.571267599119,449,Low
0.22853434221539498,141.11625207435685,1382.4409400068062,593,High
0.21348871234768818,481.1330660537211,7811.54714080633,622,High
0.1183634703395752,215.57333808593802,2582.8773187477036,197,Low
0.1018846866862585,197.1192273521356,3129.391037453966,170,Low
0.1259384816334534,116.9996226496001,3127.5975857851913,463,Medium
0.16805898850296155,187.52189697059669,2612.9166348214494,669,Low
0.10361272816457526,444.49284282269025,1010.3167546041799,901,Medium
0.17482978156982681,498.3504519322613,6105.413558615975,862,Low
0.1318823304382481,215.73928872808176,7767.918498594998,375,High
0.16040943617039605,251.87478392954415,2570.0543829953153,149,Low
0.13722530582706333,374.93192219123165,5641.330342623957,457,High
0.10889315190838354,448.7881012092835,6193.274288711005,827,High
0.23969066139243134,316.86995038405286,6938.977653633673,663,High
0.2027211588319522,226.1865641800232,3958.4043790952637,882,Medium
0.07802263515329051,235.6798283818807,3120.5163394830047,584,Low
0.2236935951795826,363.0281659235631,3277.0659381612177,183,High
0.14748623964990273,51.448218621925406,5988.34933168959,998,High
0.22891044537881827,328.8152018569283,6717.456265539452,904,Medium
0.20997105118946308,209.97185469861083,2271.2977742962184,737,Low
0.13504270089384668,407.38879907468794,3596.5870571043565,907,Low
0.05449386166402348,91.84578792040946,7313.581377244051,683,Medium
0.10373547187698923,314.69102012677575,6646.8546378631745,395,Medium
0.1583268429321734,266.4378004487557,7894.00881933733,335,Low
0.17669564396522947,339.0464866573523,6279.737817774565,155,Medium
0.10157753708664047,79.18411751733575,3752.366407195456,459,Low
0.07787121481456483,310.99270434265907,5134.464837962464,209,Low
0.21698604735985982,302.66806458178564,5627.099779731242,291,High
0.24688043614071042,302.29704248727694,1549.1907142198677,192,High
0.15513803646053717,321.5694499684047,4811.478713727056,961,Low
0.0843358571696607,354.410571751863,5965.245799308267,667,Low
0.10446146530387379,412.2450498563464,2171.2491280074228,159,Low
0.05367813530949335,171.41932405769646,6464.4220219789,749,Low
0.2328597613120998,421.27223458102793,5086.409463598781,138,Low
0.07355021657802824,274.21505701855415,7665.552499883162,639,Low
0.16530329510285072,84.67622561044902,1296.9560874482418,148,Medium
0.1048110441374412,76.34791815979064,2857.2829628882687,519,Low
0.1608356005031587,200.40724341322735,5210.8771550987685,736,Medium
0.18028407767037286,403.2036397001604,3075.919385441515,112,Medium
0.21594836074144036,368.4564206334121,6000.969148498695,135,Low
0.09128425435212065,404.8767341025829,6313.036977653517,200,Low
0.0521991657316961,282.7710753987242,1717.6117484653212,893,Medium
0.07737712601376145,248.08954907997074,4596.981249447374,185,Medium
0.23000372836962102,116.35363701782778,4562.233889137391,615,Low
0.22477801551250304,197.6867391241902,3584.9653915087874,322,Low
0.16948262043406165,245.30871477824388,7530.474037987705,437,Medium
0.17010337208673068,89.87019335582775,6792.544239112549,265,Medium
0.18300733490925108,149.27537872004507,5880.465673367457,482,Medium
0.08507425572468992,319.2013823286825,6000.286450144983,955,High
0.232882389184992,381.0484014076354,4232.013006691834,994,Medium
0.1337541049784146,499.2563801268273,7446.961647676031,475,High
0.1266277056498995,469.90099910460094,5862.167990772998,570,Low
0.1537835410565675,339.1543397908362,6102.867431590715,889,Low
0.05939319335501101,239.5616239823324,7031.836326511417,741,Medium
0.08325667375121588,336.27981411870473,2918.501125395337,130,Low
0.19760672328527412,403.5432281361044,6649.496327066921,474,Low
0.0665597335850253,103.25128591552429,2366.6842206954443,110,Low
0.17063042189327765,234.45720036332972,3417.393665714215,401,Low
0.0990698219362642,427.91102853602774,3349.273179888899,195,High
0.12785912280839531,222.7248283698698,7849.678278723984,289,High
0.10773874735413998,307.34252205223396,6995.760566235488,552,Medium
0.12113454329298984,314.4962123879892,5908.189031131818,291,Medium
0.19380918103684913,133.01431391013773,6089.397331307731,585,Medium
0.109424343124635,213.00594874352979,4934.509560817998,365,Low
0.16328092805937944,200.53007993386947,7629.634669759634,523,Low
0.14521008043981992,61.78851883942916,4473.811270176531,227,High
0.18273423307252962,60.88629375110986,3663.6239690892617,337,High
0.23736594786495163,424.26366965409807,2141.247358521137,454,Medium
0.19651441944205006,172.8818644877656,6503.439565827406,211,High
0.09298807571815136,283.1354448074669,6141.10752452914,927,High
0.056236627012256936,184.42650811494786,3690.485269668944,545,High
0.10245280885996502,473.30566030190323,1176.3538977146054,442,High
0.16901558614005097,166.68354148959818,6872.981294026075,244,High
0.060285162696850074,243.34556573252078,1079.9258841785154,164,Medium
0.14927324944024728,442.72861271807085,5925.898457403357,346,Medium
0.16936856978337783,428.8701050563139,7791.799768082399,834,High
0.11684877816339218,133.7456380308248,4063.6292970374243,589,Medium
0.20418244074916442,411.1894894080697,2644.813834971669,924,Low
0.07131965062675437,256.1840990320517,5934.097070303672,538,High
0.06502755634716176,267.33599243840985,6719.896994109096,205,Low
0.1956377512407207,110.0659875871747,4825.012212544931,280,Medium
0.1490982632412397,86.27068119070609,7769.246926793024,283,Medium
0.1876804792855472,377.57268813819434,1361.6810516057276,325,Low
0.13696546772074925,273.4075185598849,4533.569188131697,876,Medium
0.09928040664782137,246.5828161768308,6029.17763125785,889,High
0.21382046353483997,378.27870289357855,7038.4832980442525,188,Low
0.20988317579379584,394.4808045459994,2254.78928335453,787,High
0.18893929417088534,121.5086754512091,6600.02437234577,629,Low
0.10442902744599254,324.6013172649386,4868.949530029817,470,Medium
0.1680461333738174,110.90933702495849,3775.8757739297425,498,Low
0.12219477938800537,388.11878871307056,1922.0052000536548,205,Low
0.06831641466532684,345.6298203202128,7057.070312362387,370,High
0.2334627150924486,480.4765794875561,2100.9124572580076,930,Medium
0.07736372618379228,81.03110736038953,3168.5150144636946,602,High
0.2400474707641605,75.67462451806445,3030.3187237370585,778,Medium
0.13920115459159116,176.98418361194007,7099.89823933598,624,High
